{"cameraMode":{"drawMode":0,"name":"Shaded","section":"Shading Mode"},"sceneLighting":true,"audioPlay":false,"sceneViewState":{"m_AlwaysRefresh":true,"showFog":true,"showSkybox":true,"showFlares":true,"showImageEffects":true,"showParticleSystems":true,"showVisualEffectGraphs":true,"m_FxEnabled":true},"in2DMode":false,"pivot":{"x":1.4747523069381714,"y":0.657893180847168,"z":3.030827522277832},"rotation":{"x":0.22483699023723603,"y":0.07154468446969986,"z":-0.01654955744743347,"w":0.9716421365737915},"size":5.424745082855225,"orthographic":false}