{"cameraMode":{"drawMode":0,"name":"Shaded","section":"Shading Mode"},"sceneLighting":true,"audioPlay":false,"sceneViewState":{"m_AlwaysRefresh":false,"showFog":true,"showSkybox":true,"showFlares":true,"showImageEffects":true,"showParticleSystems":true,"showVisualEffectGraphs":true,"m_FxEnabled":true},"in2DMode":false,"pivot":{"x":1.96012282371521,"y":-0.512291669845581,"z":0.33237898349761965},"rotation":{"x":0.41003137826919558,"y":0.04375459626317024,"z":-0.01969229243695736,"w":0.9108246564865112},"size":9.939373016357422,"orthographic":false}