{"cameraMode":{"drawMode":0,"name":"Shaded","section":"Shading Mode"},"sceneLighting":true,"audioPlay":false,"sceneViewState":{"m_AlwaysRefresh":true,"showFog":true,"showSkybox":true,"showFlares":true,"showImageEffects":true,"showParticleSystems":true,"showVisualEffectGraphs":true,"m_FxEnabled":true},"in2DMode":false,"pivot":{"x":-13.249824523925782,"y":31.930694580078126,"z":-3.4881649017333986},"rotation":{"x":-0.05812874063849449,"y":0.8133054375648499,"z":0.0825142189860344,"w":0.5730449557304382},"size":30.001636505126954,"orthographic":false}