{"cameraMode":{"drawMode":0,"name":"Shaded","section":"Shading Mode"},"sceneLighting":true,"audioPlay":false,"sceneViewState":{"m_AlwaysRefresh":true,"showFog":true,"showSkybox":true,"showFlares":true,"showImageEffects":true,"showParticleSystems":true,"showVisualEffectGraphs":true,"m_FxEnabled":true},"in2DMode":false,"pivot":{"x":3.2731027603149416,"y":-9.194093704223633,"z":22.84918212890625},"rotation":{"x":0.24211731553077699,"y":0.07993724942207337,"z":-0.020020773634314538,"w":0.9667508006095886},"size":15.409034729003907,"orthographic":false}