{"cameraMode":{"drawMode":0,"name":"Shaded","section":"Shading Mode"},"sceneLighting":false,"audioPlay":false,"sceneViewState":{"m_AlwaysRefresh":false,"showFog":false,"showSkybox":false,"showFlares":false,"showImageEffects":false,"showParticleSystems":false,"showVisualEffectGraphs":true,"m_FxEnabled":true},"in2DMode":false,"pivot":{"x":0.1138375997543335,"y":0.12573283910751344,"z":0.15919619798660279},"rotation":{"x":0.003475589444860816,"y":0.9956848621368408,"z":-0.04184548929333687,"w":0.0832301527261734},"size":1.5874321460723878,"orthographic":true}